{"model_name": "rf", "rf_rmse": 5.2349362903624055, "xgb_rmse": 5.260619671585019}