{"model_name": "xgb", "rf_rmse": 5.106029544067203, "xgb_rmse": 5.093066347123502}