{
  "model_name": "xgb",
  "rf_rmse": 4.5818,
  "xgb_rmse": 4.5393,
  "best_params": {
    "max_depth": 4,
    "learning_rate": 0.005493327297293344,
    "subsample": 0.7687367798825153,
    "colsample_bytree": 0.9504892210013722,
    "min_child_weight": 23,
    "reg_alpha": 0.001223896581035541,
    "reg_lambda": 4.904250926641656
  },
  "n_features": 17,
  "n_samples": 883,
  "college_pct": 0.114,
  "rf_trials": 100,
  "xgb_trials": 100,
  "sklearn_version": "1.8.0",
  "xgboost_version": "3.2.0",
  "optuna_version": "4.8.0"
}