{"model_name": "rf", "rf_rmse": 3.737582956964028, "xgb_rmse": 3.7431571642266555}