{"model_name": "xgb", "rf_rmse": 3.7684628882471003, "xgb_rmse": 3.7682982079748264}