{
  "model_name": "xgb",
  "rf_rmse": 3.809,
  "xgb_rmse": 3.8073,
  "best_params": {
    "max_depth": 7,
    "learning_rate": 0.014603075712255303,
    "subsample": 0.6419455034559165,
    "colsample_bytree": 0.6612848713951893,
    "min_child_weight": 29,
    "reg_alpha": 0.004767490597010623,
    "reg_lambda": 0.6858260038556695
  },
  "n_features": 15,
  "n_samples": 2447,
  "college_pct": 0.122,
  "rf_trials": 100,
  "xgb_trials": 100,
  "sklearn_version": "1.8.0",
  "xgboost_version": "3.2.0",
  "optuna_version": "4.8.0"
}