{"model_name": "xgb", "rf_rmse": 2.602009036932375, "xgb_rmse": 2.5754762851050144}