{"model_name": "xgb", "rf_rmse": 2.546273501358991, "xgb_rmse": 2.5254303714648985}