{
  "model_name": "xgb",
  "rf_rmse": 2.558,
  "xgb_rmse": 2.5539,
  "best_params": {
    "max_depth": 3,
    "learning_rate": 0.04946747707583997,
    "subsample": 0.7424393343974807,
    "colsample_bytree": 0.5958708173875507,
    "min_child_weight": 19,
    "reg_alpha": 0.35775388549735304,
    "reg_lambda": 2.5451046223096196
  },
  "n_features": 15,
  "n_samples": 2162,
  "college_pct": 0.135,
  "rf_trials": 100,
  "xgb_trials": 100,
  "sklearn_version": "1.8.0",
  "xgboost_version": "3.2.0",
  "optuna_version": "4.8.0"
}