{"model_name": "xgb", "rf_rmse": 2.5591966715990515, "xgb_rmse": 2.5395497891666814}