{"model_name": "rf", "rf_rmse": 3.498286024197945, "xgb_rmse": 3.503423985945487}