{"model_name": "xgb", "rf_rmse": 3.4591781159898134, "xgb_rmse": 3.4571467531381606}