{"model_name": "xgb", "rf_rmse": 3.468406625297985, "xgb_rmse": 3.464254954066598}